mapq_rank,player_name,team,conference,stats_season,mapq,tier,data_status,accuracy_score,arm_proxy_score,mobility_score,escape_score,passing_capability,movement_capability,reliability,defense_stress_index,dsi_rank,drive_extension_index,dei_rank,escape_to_explosive_rate_proxy,eer_proxy_rank,advanced_data_status
1,Taron Dickens,Northern Illinois,Mountain West,2025,82.36311466161463,Elite,Qualified,98.59154929577466,80.77464788732394,55.563380281690144,92.6056338028169,91.46478873239437,70.38028169014085,1.0,,,,,,,PBP coverage/sample gap
2,Trinidad Chambliss,Ole Miss,SEC,2025,80.82260404730121,Elite,Qualified,83.09859154929576,85.24647887323944,66.90140845070422,90.49295774647888,83.95774647887323,76.33802816901408,1.0,78.66092074837083,4,78.79396984924622,31,0.3541666666666667,16,All three metrics
3,Byrum Brown,Auburn,SEC,2025,80.58871587728983,Elite,Qualified,75.35211267605635,85.1056338028169,92.88732394366197,67.25352112676056,79.25352112676057,82.63380281690141,1.0,82.66838343493798,2,82.56281407035176,24,0.3333333333333333,21,All three metrics
4,Brad Jackson,Texas State,Pac-12,2025,77.40315507290882,Impact,Qualified,88.90845070422536,82.35915492957746,88.23943661971832,32.04225352112676,86.2887323943662,65.7605633802817,1.0,69.93083876392684,15,47.93969849246231,103,0.2808988764044944,41,All three metrics
5,Bear Bachmeier,BYU,Big 12,2025,73.73979824520211,Impact,Qualified,69.8943661971831,74.6830985915493,66.61971830985915,91.90140845070422,71.80985915492958,76.73239436619718,1.0,75.07809543830145,6,66.88442211055276,53,0.18,104,All three metrics
6,Carlos Del Rio-Wilson,Marshall,Sun Belt,2025,73.70450208451545,Impact,Qualified,79.57746478873239,60.80985915492958,81.26760563380282,68.66197183098592,72.07042253521126,76.22535211267606,1.0,62.17174689930628,33,61.90954773869348,66,0.19117647058823528,93,All three metrics
7,Liam O'Brien,Cincinnati,Big 12,2025,73.46413332239261,Impact,Qualified,82.39436619718309,59.436619718309856,75.4225352112676,71.47887323943662,73.2112676056338,73.84507042253522,1.0,63.2101114147572,27,90.85427135678393,8,0.2857142857142857,39,All three metrics
8,Anthony Colandrea,Nebraska,Big Ten,2025,71.20198877191658,Impact,Qualified,72.53521126760563,81.61971830985917,76.97183098591549,45.42253521126761,76.16901408450704,64.35211267605634,1.0,74.86167752785369,7,78.01507537688441,33,0.3392857142857143,19,All three metrics
9,Conner Weigman,Houston,Big 12,2025,70.82115023416569,Impact,Qualified,65.14084507042254,61.514084507042256,84.64788732394366,80.63380281690141,63.69014084507043,83.04225352112677,1.0,63.9853899516502,25,64.67336683417085,60,0.109375,141,All three metrics
10,Drew Mestemaker,Oklahoma State,Big 12,2025,70.32909409236932,Impact,Qualified,84.5950704225352,90.45774647887323,28.23943661971831,85.56338028169014,86.94014084507042,51.16901408450704,1.0,65.42432205171326,22,54.87437185929649,85,0.2608695652173913,50,All three metrics
11,Devon Dampier,Utah,Big 12,2025,70.0333297004154,Impact,Qualified,63.556338028169016,52.95774647887323,90.35211267605632,89.08450704225352,59.316901408450704,89.8450704225352,1.0,59.845280639058224,42,83.71859296482413,19,0.30434782608695654,30,All three metrics
12,Tyler Hughes,Wyoming,Mountain West,2025,69.96635738098875,Starter,Qualified,83.27464788732395,62.25352112676057,89.1549295774648,24.295774647887324,74.86619718309859,63.21126760563381,1.0,58.151250788311955,50,81.13065326633165,27,0.21212121212121213,81,All three metrics
13,Dante Moore,Oregon,Big Ten,2025,69.9265206668019,Starter,Qualified,84.6830985915493,71.54929577464787,42.04225352112676,81.33802816901408,79.42957746478874,57.76056338028169,1.0,58.171641791044784,49,78.04020100502512,32,0.13636363636363635,126,All three metrics
14,Katin Houser,Illinois,Big Ten,2025,69.7574633567224,Starter,Qualified,78.87323943661973,77.18309859154931,38.098591549295776,89.7887323943662,78.19718309859155,58.77464788732395,1.0,63.75047298717679,26,86.65829145728642,14,0.1388888888888889,124,All three metrics
15,Demond Williams Jr.,Washington,Big Ten,2025,68.87174601976325,Starter,Qualified,82.9225352112676,70.84507042253522,77.46478873239437,26.408450704225352,78.09154929577466,57.04225352112676,1.0,68.87555181837293,17,83.5678391959799,20,0.3333333333333333,22,All three metrics
16,Blake Baker,Louisiana Tech,Sun Belt,2025,68.12167894806923,Starter,Qualified,72.97535211267605,73.45070422535211,78.59154929577466,64.08450704225352,73.16549295774647,72.7887323943662,0.7874007874011811,71.32859675429587,13,67.68844221105526,51,0.2571428571428571,52,All three metrics
17,Gunner Stockton,Georgia,SEC,2025,67.88789317391921,Starter,Qualified,93.13380281690141,38.76760563380282,60.56338028169014,66.54929577464789,71.38732394366197,62.95774647887323,1.0,52.07136850956485,85,77.81407035175879,34,0.16,114,All three metrics
18,Jayden Maiava,USC,Big Ten,2025,67.56179892767553,Starter,Qualified,66.37323943661973,88.59154929577466,31.690140845070424,96.12676056338029,75.2605633802817,57.46478873239437,1.0,69.4842337607736,16,89.84924623115577,9,0.125,135,All three metrics
19,Amari Odom,Syracuse,ACC,2025,65.90499428228685,Starter,Qualified,61.09154929577464,90.73943661971832,63.098591549295776,46.83098591549296,72.95070422535211,56.59154929577465,1.0,74.37355476140425,9,37.18592964824121,131,0.3333333333333333,20,All three metrics
20,CJ Carr,Notre Dame,FBS Independents,2025,65.37662425777583,Starter,Qualified,77.99295774647888,86.79577464788731,25.915492957746476,78.52112676056338,81.51408450704226,46.95774647887323,1.0,61.47046457851587,37,81.65829145728642,25,0.3125,27,All three metrics
21,Camden Coleman,James Madison,Sun Belt,2024,64.77178481121604,Starter,Qualified - older season,64.96478873239437,66.33802816901408,73.38028169014085,65.84507042253522,65.51408450704224,70.36619718309859,0.8482982965914762,,,,,,,PBP coverage/sample gap
22,Caden Pinnick,Washington State,Pac-12,2025,64.7366990366725,Starter,Qualified,77.55281690140845,91.65492957746478,63.0281690140845,16.549295774647888,83.19366197183098,44.436619718309856,1.0,74.49516501997057,8,74.97487437185929,37,0.2926829268292683,36,All three metrics
23,Colton Joseph,Wisconsin,Big Ten,2025,64.69952682518961,Starter,Qualified,30.809859154929576,93.27464788732395,95.91549295774648,58.098591549295776,55.79577464788733,80.7887323943662,1.0,90.8752364935884,1,61.95979899497488,65,0.3,32,All three metrics
24,Marcel Reed,Texas A&M,SEC,2025,64.22143126803019,Starter,Qualified,39.96478873239437,87.5,68.80281690140845,79.22535211267606,58.97887323943662,72.97183098591549,1.0,79.91791044776119,3,31.005025125628144,150,0.22,76,All three metrics
25,CJ Bailey,NC State,ACC,2025,64.04320917755524,Starter,Qualified,81.16197183098592,62.85211267605635,46.54929577464788,59.50704225352113,73.8380281690141,51.732394366197184,1.0,57.587765398360304,56,65.32663316582915,58,0.1956521739130435,91,All three metrics
26,Cameran Brown,Georgia State,Sun Belt,2025,63.70440231843037,Starter,Qualified,75.5281690140845,34.50704225352113,66.47887323943662,94.71830985915493,59.11971830985915,77.77464788732395,0.8579044235810886,53.995919342713094,77,91.18090452261308,6,0.4,5,All three metrics
27,Bishop Davenport,South Alabama,Sun Belt,2025,63.671026817555735,Starter,Qualified,82.57042253521128,38.66197183098591,70.70422535211269,48.23943661971831,65.00704225352113,61.718309859154935,1.0,48.08051292831617,112,50.45226130653266,96,0.2,84,All three metrics
28,Liam Szarka,Air Force,Mountain West,2025,62.58846062526992,Starter,Qualified,39.26056338028169,93.59154929577466,98.09859154929576,54.22535211267606,60.99295774647888,80.54929577464789,0.6928203230275509,73.8731726885738,10,94.02010050251256,3,0.1791044776119403,105,All three metrics
29,Kevin Jennings,SMU,ACC,2025,61.88750055856823,Starter,Qualified,66.90140845070424,75.66901408450704,26.549295774647884,87.67605633802818,70.40845070422536,51.0,1.0,59.13338238385537,45,37.663316582914575,127,0.16666666666666666,108,All three metrics
30,Conner Harrell,Charlotte,American Athletic,2025,61.66127748406992,Starter,Provisional,77.64084507042254,55.6338028169014,51.267605633802816,95.07042253521126,68.83802816901408,68.78873239436619,0.6196773353931867,57.88007596649246,53,51.73366834170854,92,0.15384615384615385,116,All three metrics
31,Arch Manning,Texas,SEC,2025,61.56809985134297,Starter,Qualified,49.471830985915496,78.09859154929578,63.16901408450705,61.61971830985915,60.92253521126761,62.54929577464789,1.0,70.57662392264031,14,56.90954773869347,81,0.3170731707317073,26,All three metrics
32,Braden Atkinson,Oregon State,Pac-12,2025,61.4479004526336,Starter,Qualified,66.4612676056338,89.19014084507042,9.154929577464788,98.94366197183099,75.55281690140845,45.07042253521127,1.0,62.87176792095859,29,83.11557788944722,22,,,DSI + DEI
33,Owen McCown,UTSA,American Athletic,2025,61.04737910093631,Starter,Qualified,85.56338028169014,50.52816901408451,22.676056338028168,86.26760563380282,71.5492957746479,48.11267605633803,1.0,39.05865040992222,158,52.11055276381909,90,0.2,89,All three metrics
34,Broc Lowry,Western Michigan,Mid-American,2025,60.88342842656523,Starter,Qualified,65.66901408450705,39.64788732394366,90.35211267605634,40.49295774647887,55.260563380281695,70.40845070422534,1.0,56.24658398150095,62,50.678391959798994,95,0.2,86,All three metrics
35,Julian Sayin,Ohio State,Big Ten,2025,60.76341955231622,Starter,Qualified,90.3169014084507,83.66197183098592,9.859154929577464,72.88732394366197,87.6549295774648,35.070422535211264,1.0,52.7920958587345,81,91.45728643216081,5,0.05555555555555555,161,All three metrics
36,Darian Mensah,Miami,ACC,2025,60.23097444004414,Starter,Qualified,86.44366197183099,63.20422535211267,22.535211267605636,70.07042253521126,77.14788732394366,41.54929577464789,1.0,49.52701282320791,103,49.497487437185924,100,0.13333333333333333,130,All three metrics
37,Chase Jenkins,Kansas,Big 12,2025,60.142223722379406,Starter,Qualified,92.42957746478872,18.521126760563384,87.8169014084507,21.47887323943662,62.866197183098585,61.28169014084507,0.8294576541331088,46.22201829049777,125,38.391959798994975,124,0.2,87,All three metrics
38,Zion Turner,Marshall,Sun Belt,2025,59.64646559656698,Developmental,Provisional,86.00352112676056,23.802816901408452,77.46478873239437,97.1830985915493,61.12323943661972,85.35211267605634,0.48579831205964474,,,,,,,PBP coverage/sample gap
39,EJ Colson Jr.,UTEP,Mountain West,2025,59.06163703658201,Developmental,Qualified,93.83802816901408,38.38028169014084,60.281690140845065,20.070422535211268,71.65492957746478,44.19718309859155,1.0,35.24763506411604,173,58.5427135678392,74,0.28888888888888886,38,All three metrics
40,Avery Johnson,Kansas State,Big 12,2025,58.42145424498184,Developmental,Qualified,44.366197183098585,52.6056338028169,75.56338028169014,84.85915492957746,47.661971830985905,79.28169014084507,1.0,67.53626235022072,18,43.36683417085427,118,0.16279069767441862,112,All three metrics
41,Jaden Craig,TCU,Big 12,2025,58.05043234254747,Developmental,Qualified,47.53521126760564,82.71126760563381,29.577464788732392,88.38028169014085,61.60563380281691,53.098591549295776,1.0,64.48801765818794,24,78.89447236180905,30,0.2222222222222222,73,All three metrics
42,Cole Gonzales,Charlotte,American Athletic,2024,57.07603131625072,Developmental,Qualified - older season,58.27464788732395,67.57042253521128,49.50704225352113,58.80281690140845,61.99295774647888,53.225352112676056,0.85,56.93106474668909,58,74.57286432160805,38,0.23333333333333334,65,All three metrics
43,Cardell Williams,Maryland,Big Ten,2025,56.868620044289834,Developmental,Qualified,41.81338028169014,91.72535211267605,85.2112676056338,5.28169014084507,61.778169014084504,53.239436619718305,0.8366600265340756,76.41239145778889,5,80.45226130653266,28,0.37209302325581395,10,All three metrics
44,Logan Inagawa,Massachusetts,Mid-American,2025,56.80218043073725,Developmental,Qualified,74.11971830985915,22.992957746478872,86.40845070422536,35.563380281690144,53.66901408450704,66.07042253521128,0.817312669668102,43.04511073957748,136,47.58793969849246,104,0.1951219512195122,92,All three metrics
45,Caden Creel,Jacksonville State,Conference USA,2025,56.73196153237041,Developmental,Qualified,50.352112676056336,55.00000000000001,97.95774647887323,17.95774647887324,52.21126760563381,65.95774647887323,0.9186947262284682,59.92130435635317,41,27.587939698492463,160,0.2898550724637681,37,All three metrics
46,Josh Hoover,Indiana,Big Ten,2025,56.704217930271234,Developmental,Qualified,63.0281690140845,84.11971830985915,15.38732394366197,77.11267605633803,71.46478873239437,40.0774647887324,1.0,60.61877233550557,39,83.86934673366834,18,0.14285714285714285,123,All three metrics
47,Byrd Ficklin,Utah,Big 12,2025,56.01952846033803,Developmental,Provisional,50.96830985915493,73.66197183098592,99.71830985915493,41.19718309859155,60.04577464788733,76.30985915492957,0.37416573867739417,59.38184997974736,44,87.9396984924623,12,0.4117647058823529,4,All three metrics
48,KJ Jackson,Arkansas,SEC,2025,55.80069256900534,Developmental,Provisional,54.401408450704224,67.1830985915493,47.46478873239436,96.83098591549296,59.514084507042256,67.2112676056338,0.46475800154489,58.748578437531634,47,73.86934673366832,44,,,DSI + DEI
49,Alonza Barnett III,UCF,Big 12,2025,55.493471938801605,Developmental,Qualified,32.74647887323944,74.04929577464789,77.46478873239437,49.647887323943664,49.267605633802816,66.33802816901408,1.0,61.802501576623925,35,57.738693467336674,76,0.1896551724137931,95,All three metrics
50,Jacob Conover,Utah State,Pac-12,2025,55.00916970605849,Developmental,Provisional,55.98591549295775,74.33098591549296,40.91549295774648,92.95774647887323,63.32394366197183,61.732394366197184,0.39496835316262996,50.03292094850304,96,,,,,DSI only
51,Eli Holstein,Virginia,ACC,2025,54.87239891339935,Developmental,Qualified,33.274647887323944,83.06338028169013,54.64788732394366,75.35211267605634,53.19014084507042,62.92957746478873,0.7071067811865476,66.54142310641585,21,37.36180904522613,129,0.15384615384615385,117,All three metrics
52,Mitch Griffis,East Carolina,American Athletic,2025,54.69083975138513,Developmental,Provisional,98.2394366197183,77.21830985915491,49.7887323943662,15.492957746478872,89.83098591549295,36.07042253521127,0.3794733192202055,52.32059461693827,83,,,0.25,58,DSI + EER proxy
53,Kalieb Osborne,UConn,FBS Independents,2025,54.51502898832802,Developmental,Provisional,55.98591549295775,72.14788732394366,90.49295774647888,4.929577464788732,62.45070422535211,56.26760563380282,0.45607017003965516,63.02048217845607,28,75.45226130653266,36,0.38461538461538464,8,All three metrics
54,Bryson Barnes,Utah State,Pac-12,2025,54.47231326791072,Developmental,Qualified,45.774647887323944,68.16901408450704,85.2112676056338,7.394366197183098,54.732394366197184,54.08450704225351,1.0,67.50693714525961,19,30.80402010050251,151,0.22784810126582278,70,All three metrics
55,Nathan Hayes,North Dakota State,Mountain West,2025,54.3176322545284,Developmental,Provisional,25.352112676056336,85.45774647887323,69.85915492957746,100.0,49.394366197183096,81.91549295774647,0.41231056256176607,62.52320743893589,30,57.286432160804026,77,,,DSI + DEI
56,Micah Alejado,Hawai'i,Mountain West,2025,53.98198003157546,Developmental,Qualified,75.70422535211267,48.45070422535211,32.95774647887324,53.16901408450704,64.80281690140845,41.04225352112676,1.0,35.229030901828885,174,84.27135678391959,17,0.1388888888888889,125,All three metrics
57,Billy Edwards Jr.,North Carolina,ACC,2024,53.975797396342955,Developmental,Qualified - older season,66.90140845070422,37.74647887323944,31.760563380281692,86.97183098591549,55.23943661971831,53.845070422535215,0.85,48.08852743325626,111,57.28643216080401,78,0.13333333333333333,128,All three metrics
58,Matt Vezza,Ohio,Mid-American,2025,53.85500978755118,Developmental,Qualified,47.53521126760564,51.86619718309859,74.64788732394368,41.901408450704224,49.26760563380282,61.5492957746479,1.0,54.96415808282531,69,53.31658291457286,87,0.25,57,All three metrics
59,Jaylen Raynor,Iowa State,Big 12,2025,53.78449807827796,Developmental,Qualified,75.17605633802818,21.760563380281692,60.70422535211267,43.309859154929576,53.80985915492958,53.74647887323943,1.0,35.014399831826786,176,36.834170854271356,132,0.15,118,All three metrics
60,Noah Fifita,Arizona,Big 12,2025,53.597992763198135,Developmental,Qualified,67.6056338028169,59.75352112676057,42.6056338028169,37.67605633802817,64.46478873239437,40.63380281690141,1.0,48.85064116039521,107,50.10050251256282,97,0.18867924528301888,96,All three metrics
61,Aidan Chiles,Northwestern,Big Ten,2025,53.506175560968686,Developmental,Qualified,60.739436619718305,41.61971830985915,72.60563380281691,28.87323943661972,53.09154929577464,55.11267605633803,0.9011104260855048,55.85494462994826,65,69.84924623115577,48,0.26666666666666666,45,All three metrics
62,Jaylen Henderson,Liberty,Conference USA,2023,53.21907388575161,Developmental,Provisional,76.93661971830986,75.56338028169013,63.66197183098592,1.4084507042253522,76.38732394366197,38.760563380281695,0.3909987212255303,50.68336417243411,94,67.23618090452261,52,0.2222222222222222,74,All three metrics
63,Dylan Rizk,Stanford,ACC,2024,52.95170604695956,Developmental,Qualified - older season,52.99295774647887,60.176056338028175,43.521126760563384,69.36619718309859,55.86619718309859,53.85915492957747,0.5839691772688007,48.49815452707452,109,46.20603015075376,110,0.1,145,All three metrics
64,Michael Van Buren Jr.,South Florida,American Athletic,2025,52.74828991687024,Developmental,Qualified,57.57042253521127,19.084507042253517,62.11267605633803,98.23943661971832,42.17605633802817,76.56338028169014,0.7771743691090179,,,,,,,PBP coverage/sample gap
65,TJ Lateef,Nebraska,Big Ten,2025,52.69268649627946,Developmental,Qualified,51.232394366197184,55.91549295774648,53.80281690140845,56.690140845070424,53.1056338028169,54.95774647887323,0.7014271166700072,57.740765050205034,54,51.53266331658292,94,0.25,61,All three metrics
66,Dean DeNobile,Florida State,ACC,2025,52.57722209102834,Developmental,Qualified,65.31690140845072,46.901408450704224,12.112676056338028,95.4225352112676,57.950704225352126,45.436619718309856,1.0,38.77286104687828,160,74.3718592964824,40,0.35714285714285715,14,All three metrics
67,Beau Pribula,Virginia,ACC,2025,52.38073234252294,Developmental,Qualified,70.24647887323944,33.978873239436616,66.61971830985915,19.366197183098592,55.73943661971831,47.71830985915493,1.0,43.23407609838133,135,63.61809045226131,62,0.2,83,All three metrics
68,Austin Mack,Alabama,SEC,2025,52.33630276125413,Developmental,Provisional,99.29577464788733,22.992957746478872,47.676056338028175,33.80281690140845,68.77464788732394,42.12676056338029,0.35777087639996635,,,,,,,PBP coverage/sample gap
69,Tahj Bullock,Colorado State,Pac-12,2024,52.05230202238854,Developmental,Provisional,98.76760563380283,11.443661971830986,79.57746478873239,0.7042253521126761,63.83802816901409,48.028169014084504,0.2944486372867091,45.400795228859714,131,,,0.16666666666666666,111,DSI + EER proxy
70,Austin Simmons,Missouri,SEC,2025,51.964189670224215,Developmental,Provisional,26.1443661971831,84.36619718309859,50.563380281690144,75.35211267605634,49.433098591549296,60.47887323943662,0.5477225575051661,62.32594521016697,32,29.246231155778897,158,,,DSI + DEI
71,Walker Eget,Duke,ACC,2025,51.95249760297549,Developmental,Qualified,35.91549295774648,74.1549295774648,22.04225352112676,99.64788732394366,51.21126760563381,53.08450704225353,1.0,56.48297246163549,59,81.30653266331659,26,0.29411764705882354,35,All three metrics
72,Nick Minicucci,Delaware,Conference USA,2025,51.89750691758003,Developmental,Qualified,59.33098591549295,46.619718309859145,42.67605633802817,57.3943661971831,54.246478873239425,48.563380281690144,1.0,44.769812907294515,133,56.4572864321608,82,0.08888888888888889,150,All three metrics
73,Hank Brown,Iowa,Big Ten,2024,51.39835810568,Developmental,Provisional,38.028169014084504,83.55633802816902,18.80281690140845,100.0,56.239436619718305,51.28169014084507,0.3328413035266707,52.18393432982509,84,,,,,DSI only
74,Landry Lyddy,Southern Miss,Sun Belt,2025,51.35957383094736,Developmental,Provisional,54.75352112676056,54.33098591549296,20.56338028169014,96.47887323943662,54.58450704225352,50.929577464788736,0.43969686527576396,48.0757831790846,113,,,,,DSI only
75,John Mateer,Oklahoma,SEC,2025,51.35571388802962,Developmental,Qualified,43.83802816901409,58.16901408450704,67.95774647887323,33.45070422535211,49.570422535211264,54.154929577464785,1.0,59.7865251208745,43,49.99999999999999,98,0.18032786885245902,103,All three metrics
76,Kamario Taylor,Mississippi State,SEC,2025,51.31106439658157,Developmental,Provisional,30.98591549295775,76.33802816901408,92.74647887323944,4.929577464788732,49.12676056338029,57.61971830985916,0.5549774770204643,58.938614010009545,46,82.8894472361809,23,0.36666666666666664,11,All three metrics
77,Deuce Bailey,Coastal Carolina,Sun Belt,2025,51.307907510993566,Developmental,Provisional,26.408450704225352,70.0,71.47887323943662,69.01408450704226,43.84507042253521,70.49295774647888,0.433589667773576,,,,,,,PBP coverage/sample gap
78,Angel Flores,Central Michigan,Mid-American,2025,51.298280596033116,Developmental,Provisional,70.4225352112676,25.422535211267604,93.09859154929579,0.7042253521126761,52.4225352112676,56.14084507042254,0.3346640106136302,46.42355539719154,122,,,0.26666666666666666,46,DSI + EER proxy
79,Roman Gagliano,Middle Tennessee,Conference USA,2025,51.23380456955703,Developmental,Qualified,40.404929577464785,65.2112676056338,68.73239436619718,31.338028169014088,50.327464788732385,53.77464788732395,0.7348469228349535,58.46657350152157,48,42.437185929648244,119,0.125,137,All three metrics
80,Brogan McCaughey,Eastern Michigan,Mid-American,2024,51.171738496918366,Developmental,Provisional,52.816901408450704,48.06338028169014,29.859154929577464,96.47887323943662,50.91549295774648,56.507042253521135,0.38013155617496425,,,,,,,PBP coverage/sample gap
81,Cale Hellums,Army,American Athletic,2025,50.61747249816942,Developmental,Provisional,9.59507042253521,69.92957746478872,95.49295774647888,94.36619718309859,33.728873239436616,95.04225352112677,0.589915248150105,57.436255592878084,57,79.49748743718594,29,0.17142857142857143,107,All three metrics
82,JC French IV,Cincinnati,Big 12,2025,50.49496044560093,Developmental,Qualified,60.47535211267605,51.79577464788733,51.61971830985915,27.816901408450708,57.00352112676056,42.098591549295776,1.0,49.75141896153037,100,65.92964824120602,57,0.24561403508771928,63,All three metrics
83,Danny Lauter,Syracuse,ACC,2025,50.1077751942903,Developmental,Provisional,52.46478873239436,54.190140845070424,11.056338028169014,98.59154929577466,53.154929577464785,46.07042253521127,0.5416025603090641,49.77952210257757,99,91.10552763819095,7,,,DSI + DEI
84,Landen Clark,LSU,SEC,2025,50.100553434676236,Developmental,Qualified,16.549295774647888,89.5774647887324,89.7887323943662,8.80281690140845,45.760563380281695,57.3943661971831,1.0,72.55108261509355,11,52.814070351758794,88,0.22972972972972974,69,All three metrics
85,Nicco Marchiol,Northwestern,Big Ten,2025,49.91816433246348,Developmental,Provisional,81.25,38.186619718309856,46.33802816901408,16.19718309859155,64.02464788732394,34.28169014084507,0.6260990336999411,38.61742217122724,161,16.231155778894475,186,0.16666666666666666,110,All three metrics
86,Caden Veltkamp,Florida Atlantic,American Athletic,2025,49.913103229128225,Developmental,Qualified,69.36619718309859,32.64084507042254,21.619718309859152,76.40845070422534,54.67605633802817,43.53521126760563,1.0,31.808808072314484,188,61.70854271356784,67,0.10344827586206896,143,All three metrics
87,Steve Angeli,Syracuse,ACC,2025,49.86924580181529,Developmental,Qualified,59.50704225352113,75.73943661971832,11.76056338028169,64.08450704225352,66.0,32.690140845070424,0.7702813338860895,54.35191951429947,74,48.69346733668341,101,0.1111111111111111,139,All three metrics
88,Will Hammond,Texas Tech,Big 12,2025,49.73378556954922,Developmental,Qualified,47.79929577464789,9.647887323943664,90.98591549295774,96.83098591549296,32.5387323943662,93.32394366197184,0.6572670690061994,47.05438792429196,119,74.44723618090453,39,0.3333333333333333,25,All three metrics
89,Jaxon Potter,Old Dominion,Sun Belt,2025,49.64700392184835,Developmental,Provisional,77.46478873239437,10.56338028169014,12.464788732394366,100.0,50.70422535211267,47.478873239436616,0.5773502691896257,34.23962415792444,179,35.175879396984925,139,,,DSI + DEI
90,Lunch Winfield,Louisiana,Sun Belt,2025,49.541559873233616,Developmental,Qualified,26.584507042253524,56.654929577464785,90.21126760563381,44.36619718309859,38.61267605633803,71.87323943661971,0.92951600308978,67.06366281307992,20,57.26130653266331,79,0.23214285714285715,66,All three metrics
91,Ty Dieffenbach,UCLA,Big Ten,2025,49.259240282416386,Developmental,Qualified,12.852112676056338,81.09154929577464,80.98591549295774,44.36619718309859,40.14788732394366,66.33802816901408,0.8049844718999243,72.22735240036303,12,30.60301507537688,152,0.3,33,All three metrics
92,JJ Kohl,Florida International,Conference USA,2025,48.99172344477519,Developmental,Qualified,55.28169014084507,36.443661971830984,31.126760563380284,79.92957746478874,47.74647887323943,50.647887323943664,0.9055385138137416,47.423679157882034,116,59.87437185929648,70,0.14285714285714285,122,All three metrics
93,Dylan Lonergan,Rutgers,Big Ten,2025,48.821426046074215,Developmental,Qualified,82.74647887323943,34.260563380281695,13.028169014084506,63.02816901408451,63.352112676056336,33.02816901408451,1.0,29.18520075677948,198,34.62311557788944,140,0.0,167,All three metrics
94,Christopher Vizzina,Clemson,ACC,2025,48.75931944984921,Developmental,Provisional,63.90845070422535,10.56338028169014,47.67605633802817,69.71830985915493,42.570422535211264,56.49295774647887,0.532916503778969,41.0154780982616,143,45.0,113,0.08333333333333333,151,All three metrics
95,Aaron Philo,Florida,SEC,2024,48.71124721024902,Developmental,Provisional,13.380281690140844,70.56338028169013,49.99999999999999,100.0,36.25352112676056,70.0,0.4551007214525886,60.7461459086657,38,73.69346733668341,45,,,DSI + DEI
96,Noah Kim,Eastern Michigan,Mid-American,2025,48.450309019659166,Developmental,Qualified,40.140845070422536,43.274647887323944,39.5774647887324,94.01408450704226,41.3943661971831,61.35211267605634,1.0,46.29503889005676,124,74.09547738693468,42,0.25,59,All three metrics
97,Sam Leavitt,LSU,SEC,2025,48.37249518295196,Developmental,Qualified,51.23239436619718,43.309859154929576,68.80281690140845,18.661971830985916,48.06338028169014,48.74647887323943,0.9777525249264253,52.82452705434916,80,31.281407035175878,149,0.358974358974359,13,All three metrics
98,John Alan Richter,Toledo,Mid-American,2024,48.34459145677292,Developmental,Provisional,72.88732394366197,47.21830985915492,24.718309859154928,36.267605633802816,62.619718309859145,29.338028169014084,0.4400340895885227,40.1145421374697,149,18.140703517587937,183,,,DSI + DEI
99,Dru DeShields,Kent State,Mid-American,2025,48.121309707650354,Developmental,Qualified,33.71478873239436,92.3943661971831,29.154929577464788,48.943661971830984,57.186619718309856,37.070422535211264,0.9797958971132712,65.30763739193995,23,10.804020100502512,190,0.14814814814814814,120,All three metrics
100,Zach Marker,Florida International,Conference USA,2024,48.12002216887045,Developmental,Qualified - older season,32.482394366197184,78.80281690140845,25.774647887323948,65.14084507042254,51.01056338028169,41.52112676056339,0.6223021774025863,55.92351350512462,63,88.16582914572865,11,0.25,62,All three metrics
101,Daniel Kaelin,Nebraska,Big Ten,2025,48.02771494599419,Developmental,Provisional,31.690140845070424,29.190140845070424,71.54929577464787,100.0,30.690140845070424,82.92957746478872,0.45607017003965516,55.505774582710174,67,89.84924623115576,10,,,DSI + DEI
102,Malachi Singleton,App State,Sun Belt,2025,47.80509704909552,Developmental,Provisional,30.633802816901408,33.485915492957744,89.7887323943662,61.97183098591549,31.774647887323944,78.66197183098592,0.5059644256269407,51.757686591485815,87,55.427135678391956,84,0.25,56,All three metrics
103,Bryce Underwood,Michigan,Big Ten,2025,47.79264161333874,Developmental,Qualified,37.67605633802817,56.51408450704225,62.394366197183096,36.267605633802816,45.2112676056338,51.943661971830984,1.0,62.34097120033635,31,35.52763819095477,137,0.25,55,All three metrics
104,Josh Johnson,Air Force,Mountain West,2025,47.65366337416612,Developmental,Provisional,13.468309859154932,87.67605633802818,70.77464788732394,0.7042253521126761,43.15140845070423,42.74647887323943,0.3346640106136302,58.133735460814556,51,,,0.1875,97,DSI + EER proxy
105,Scotty Fox Jr.,West Virginia,Big 12,2025,47.528613993381555,Developmental,Qualified,29.049295774647888,68.87323943661971,73.59154929577466,15.140845070422534,44.97887323943662,50.21126760563381,0.8246211251235321,54.76189663803729,70,10.65326633165829,191,0.14705882352941177,121,All three metrics
106,Justyn Martin,Ohio State,Big Ten,2024,47.44988208582999,Developmental,Provisional,92.42957746478872,5.704225352112676,15.915492957746476,41.19718309859155,57.739436619718305,26.028169014084504,0.31804087787578506,39.268343381822454,157,46.53266331658292,107,,,DSI + DEI
107,Darius Curry,Colorado State,Pac-12,2025,47.332094980165,Developmental,Provisional,54.401408450704224,43.59154929577465,25.633802816901408,61.97183098591549,50.0774647887324,40.16901408450704,0.6429100507328637,37.5332618741272,165,87.33668341708542,13,,,DSI + DEI
108,Lucian Anderson III,South Carolina,SEC,2025,47.220771014812854,Developmental,Provisional,42.78169014084507,7.112676056338028,95.98591549295774,56.690140845070424,28.514084507042256,80.26760563380282,0.4049691346263318,51.3190228656507,89,18.91959798994975,178,0.1875,98,All three metrics
109,Cole Ballard,Kansas,Big 12,2023,47.07267005922515,Developmental,Provisional,8.978873239436618,74.22535211267605,75.63380281690141,0.7042253521126761,35.07746478873239,45.66197183098591,0.2656313234541438,56.2583342878803,61,73.86934673366832,43,0.3,31,All three metrics
110,Jack Layne,New Mexico,Mountain West,2025,46.99137848646668,Developmental,Qualified,59.683098591549296,53.87323943661973,48.45070422535211,14.43661971830986,57.35915492957747,34.84507042253521,1.0,41.67742274542779,141,62.1608040201005,64,0.21212121212121213,80,All three metrics
111,Reese Poffenbarger,Akron,Mid-American,2023,46.83798580305371,Developmental,Qualified - older season,30.1056338028169,78.30985915492957,44.225352112676056,34.154929577464785,49.38732394366197,40.197183098591545,0.7,,,,,,,PBP coverage/sample gap
112,Treyson Bourguet,BYU,Big 12,2023,46.74496997082306,Developmental,Qualified - older season,31.690140845070424,50.88028169014084,55.070422535211264,38.38028169014084,39.36619718309859,48.394366197183096,0.44931058300467386,48.55426267841896,108,33.09045226130654,146,0.06666666666666667,159,All three metrics
113,Tayven Jackson,North Texas,American Athletic,2025,46.58949640024017,Developmental,Qualified,54.22535211267605,32.887323943661976,31.83098591549296,72.1830985915493,45.69014084507042,47.971830985915496,1.0,36.474458692453226,167,33.14070351758794,145,0.15789473684210525,115,All three metrics
114,Max Johnson,Georgia Southern,Sun Belt,2025,46.52601959772936,Developmental,Provisional,59.41901408450705,1.0211267605633803,32.32394366197183,98.59154929577466,36.059859154929576,58.83098591549296,0.565685424949238,35.72170507175636,170,18.291457286432163,182,,,DSI + DEI
115,Braxton Woodson,Navy,American Athletic,2024,46.441107695561286,Developmental,Provisional,3.080985915492958,50.38732394366197,91.5492957746479,92.25352112676056,22.003521126760564,91.83098591549296,0.32255232133717465,55.837301979280085,66,69.77386934673366,49,0.22727272727272727,71,All three metrics
116,Jalen Macon,Northern Illinois,Mountain West,2025,46.28537147733283,Developmental,Provisional,25.352112676056336,17.94014084507042,92.74647887323944,59.859154929577464,22.38732394366197,79.59154929577466,0.28982753492378877,50.01428727284836,97,,,0.2777777777777778,42,DSI + EER proxy
117,LaNorris Sellers,South Carolina,SEC,2025,46.245553464323685,Developmental,Qualified,38.732394366197184,77.5,59.50704225352113,1.7605633802816902,54.239436619718305,36.40845070422535,1.0,54.5484549085558,73,30.326633165829143,155,0.2608695652173913,51,All three metrics
118,Tramell Jones Jr.,Florida,SEC,2025,46.17753105859143,Developmental,Provisional,50.96830985915493,2.922535211267606,31.97183098591549,91.54929577464789,31.75,55.80281690140845,0.37416573867739417,40.53648561449653,145,,,,,DSI only
119,Ashton Daniels,Florida State,ACC,2025,45.99089905315025,Developmental,Qualified,33.098591549295776,39.859154929577464,80.56338028169014,30.633802816901408,35.80281690140845,60.591549295774655,0.6899275324264136,51.33699746850386,88,60.42713567839195,68,0.25,54,All three metrics
120,Malachi Marshall,Florida State,ACC,2024,45.83462836127579,Developmental,Qualified - older season,21.65492957746479,54.33098591549296,36.12676056338028,93.30985915492957,34.725352112676056,59.0,0.5888972745734182,,,,,,,PBP coverage/sample gap
121,Danny O'Neil,Wisconsin,Big Ten,2025,45.80863980784476,Developmental,Provisional,66.98943661971832,31.26760563380282,52.394366197183096,0.7042253521126761,52.70070422535212,31.718309859154928,0.6,42.099411393735544,140,37.93969849246231,126,0.14814814814814814,119,All three metrics
122,Michael Merdinger,Minnesota,Big Ten,2025,45.745650256898415,Developmental,Provisional,27.992957746478876,78.87323943661971,48.13380281690141,0.7042253521126761,48.345070422535215,29.161971830985916,0.4049691346263318,47.12784345931823,118,16.50753768844221,185,0.23076923076923078,67,All three metrics
123,Zeon Chriss-Gremillion,Tulane,American Athletic,2024,45.40375733913439,Developmental,Qualified - older season,45.51056338028169,17.077464788732392,93.94366197183099,6.690140845070422,34.13732394366197,59.04225352112676,0.6129437168288782,48.357215489234854,110,22.889447236180903,167,0.17857142857142858,106,All three metrics
124,Ethan Vasko,Liberty,Conference USA,2025,45.2172946705595,Developmental,Qualified,13.908450704225354,66.44366197183099,59.154929577464785,77.8169014084507,34.922535211267615,66.61971830985915,1.0,,,,,,,PBP coverage/sample gap
125,Brandon Tennison,UTSA,American Athletic,2025,45.192460821726755,Developmental,Provisional,47.00704225352113,6.302816901408451,56.40845070422535,37.32394366197183,30.725352112676056,48.774647887323944,0.3687817782917155,42.55164690041803,138,,,,,DSI only
126,Keyone Jenkins,UCF,Big 12,2025,45.187784680936716,Developmental,Qualified,48.76760563380282,26.338028169014084,43.943661971830984,70.77464788732394,39.79577464788733,54.67605633802816,1.0,39.3438091233971,155,33.66834170854271,144,0.125,136,All three metrics
127,Jackson Arnold,UNLV,Mountain West,2025,45.109760121485095,Developmental,Qualified,65.66901408450705,9.119718309859154,76.83098591549296,3.169014084507042,43.049295774647895,47.36619718309859,0.9273618495495703,31.901530504838554,187,51.75879396984925,91,0.22,75,All three metrics
128,Michael Hawkins Jr.,West Virginia,Big 12,2025,45.06011301976813,Developmental,Provisional,33.80281690140845,18.8556338028169,77.88732394366197,6.338028169014084,27.82394366197183,49.26760563380281,0.3286335345030997,53.368113765562434,79,,,0.3333333333333333,24,DSI + EER proxy
129,Trey Kukuk,Louisiana Tech,Sun Belt,2025,45.03069287189692,Developmental,Qualified,44.54225352112676,11.091549295774646,96.69014084507042,22.887323943661972,31.161971830985916,67.16901408450704,0.6511528238439882,49.016152843939736,106,74.24623115577889,41,0.2564102564102564,53,All three metrics
130,Nico Iamaleava,UCLA,Big Ten,2025,44.972779490464106,Limited production,Qualified,63.73239436619718,6.021126760563381,73.38028169014083,20.774647887323944,40.64788732394366,52.33802816901407,1.0,32.172903090182885,186,34.346733668341706,142,0.35714285714285715,15,All three metrics
131,Gio Lopez,Wake Forest,ACC,2025,44.65115211772275,Limited production,Qualified,70.07042253521126,19.471830985915496,43.87323943661971,28.87323943661972,49.83098591549296,37.87323943661971,1.0,30.282215682152618,194,66.40703517587939,54,0.10810810810810811,142,All three metrics
132,Trey Hedden,New Mexico State,Conference USA,2025,44.58935648347491,Limited production,Qualified,73.23943661971832,32.183098591549296,2.6056338028169015,73.59154929577466,56.81690140845071,31.000000000000004,1.0,29.83214210636956,195,58.49246231155778,75,0.0,172,All three metrics
133,Adam Damante,New Mexico State,Conference USA,2025,44.55058952976593,Limited production,Provisional,69.01408450704226,20.56338028169014,13.309859154929576,58.80281690140845,49.63380281690141,31.507042253521124,0.6324555320336759,28.135479117658164,203,72.36180904522612,47,,,DSI + DEI
134,Mason Heintschel,Pittsburgh,ACC,2025,44.523399903030786,Limited production,Qualified,54.92957746478873,64.08450704225352,40.0,13.732394366197184,58.59154929577464,29.492957746478872,1.0,54.563064956905606,72,37.286432160804026,130,0.21739130434782608,77,All three metrics
135,Maddux Madsen,Boise State,Pac-12,2025,44.43793048451839,Limited production,Qualified,23.767605633802816,75.63380281690141,32.32394366197183,62.323943661971825,44.514084507042256,44.32394366197183,1.0,62.101324364095014,34,83.21608040201005,21,0.045454545454545456,164,All three metrics
136,Rocco Becht,Penn State,Big Ten,2025,44.413189707263335,Limited production,Qualified,38.556338028169016,65.66901408450704,38.45070422535211,36.971830985915496,49.401408450704224,37.85915492957747,1.0,52.78242589867563,82,66.28140703517587,55,0.1,147,All three metrics
137,William Watson III,Massachusetts,Mid-American,2024,44.357181444007836,Limited production,Provisional,24.911971830985916,80.10563380281688,40.84507042253521,0.0,46.989436619718305,24.507042253521124,0.40941421567893804,50.96621582768963,92,34.095477386934675,143,0.2,90,All three metrics
138,Emory Williams,East Carolina,American Athletic,2023,44.13628881525132,Limited production,Provisional,55.45774647887324,36.65492957746479,4.154929577464789,42.95774647887324,47.93661971830986,19.676056338028168,0.35693136595149494,42.20209636250619,139,52.361809045226124,89,,,DSI + DEI
139,Thomas Gotkowski,Miami (OH),Mid-American,2025,43.89109756554193,Limited production,Provisional,23.503521126760564,46.02112676056338,62.81690140845071,38.732394366197184,32.51056338028169,53.183098591549296,0.5865151319446071,49.52882750121372,102,18.91959798994975,179,0.06666666666666667,158,All three metrics
140,Peter Costelli,Middle Tennessee,Conference USA,2025,43.826529501313736,Limited production,Provisional,4.753521126760563,41.267605633802816,72.67605633802818,100.0,19.359154929577464,83.6056338028169,0.4049691346263318,60.609603921906356,40,99.14572864321607,1,,,DSI + DEI
141,Cutter Boley,Arizona State,Big 12,2025,43.79924034165198,Limited production,Qualified,58.97887323943662,45.07042253521127,36.12676056338028,27.11267605633803,53.41549295774648,32.521126760563384,1.0,39.75867143157452,152,59.29648241206029,71,0.16129032258064516,113,All three metrics
142,Quinn Henicle,Old Dominion,Sun Belt,2025,43.41544052904355,Limited production,Provisional,25.352112676056336,9.577464788732392,94.50704225352113,54.22535211267606,19.042253521126757,78.3943661971831,0.4,49.15741013243641,105,26.130653266331656,162,0.2777777777777778,43,All three metrics
143,Henry Belin IV,Missouri State,Conference USA,2024,43.214879610815274,Limited production,Provisional,29.049295774647888,2.253521126760563,48.66197183098591,100.0,18.330985915492956,69.19718309859155,0.36062445840513924,44.83272986723105,132,84.97487437185929,16,,,DSI + DEI
144,Nick Poulos,Ohio,Mid-American,2024,43.206608329775,Limited production,Provisional,16.813380281690144,25.774647887323944,81.12676056338029,34.859154929577464,20.397887323943664,62.61971830985915,0.37631104156003714,56.46421205824646,60,93.76884422110552,4,0.4666666666666667,2,All three metrics
145,Rodney Tisdale Jr.,Western Kentucky,Conference USA,2025,43.075920744126435,Limited production,Qualified,59.50704225352113,19.859154929577464,39.57746478873239,42.6056338028169,43.64788732394366,40.78873239436619,0.920869154657707,42.96697556067497,137,54.321608040201,86,0.21739130434782608,78,All three metrics
146,Cam Fancher,Michigan State,Big Ten,2025,43.00754665659678,Limited production,Provisional,38.028169014084504,0.28169014084507044,78.73239436619718,71.12676056338029,22.92957746478873,75.69014084507043,0.5366563145999496,45.82887066473382,127,36.10552763819096,135,0.47368421052631576,1,All three metrics
147,Jayden Denegal,San Diego State,Pac-12,2025,42.89420775670699,Limited production,Qualified,25.352112676056343,69.61267605633803,44.436619718309856,39.436619718309856,43.05633802816902,42.436619718309856,0.9879271228182775,61.615360524629985,36,15.100502512562814,188,0.0625,160,All three metrics
148,Baylor Hayes,Tulsa,American Athletic,2025,41.93633206093937,Limited production,Qualified,39.96478873239436,45.2112676056338,47.74647887323944,32.74647887323944,42.06338028169014,41.74647887323944,1.0,55.123607315535,68,39.64824120603016,122,0.20454545454545456,82,All three metrics
149,Ethan Grunkemeyer,Virginia Tech,ACC,2025,41.87242172051883,Limited production,Qualified,82.21830985915494,42.71126760563381,11.901408450704224,29.929577464788732,66.4154929577465,19.112676056338028,0.8426149773176358,27.498531194849154,205,65.95477386934672,56,0.09090909090909091,149,All three metrics
150,Drew Devillier,Florida Atlantic,American Athletic,2024,41.66505495291114,Limited production,Provisional,28.52112676056338,0.0,37.25352112676056,52.816901408450704,17.112676056338028,43.47887323943662,0.33139100772350477,40.38499329703634,146,19.874371859296485,172,,,DSI + DEI
151,Malik Washington,Maryland,Big Ten,2025,41.557797359731836,Limited production,Qualified,32.3943661971831,24.54225352112676,52.25352112676056,97.53521126760563,29.253521126760564,70.36619718309859,1.0,47.46899306285474,115,43.768844221105525,117,0.391304347826087,7,All three metrics
152,Ryan Staub,Tennessee,SEC,2025,41.49627776111844,Limited production,Provisional,5.28169014084507,77.67605633802816,46.76056338028168,1.4084507042253522,34.239436619718305,28.61971830985915,0.469041575982343,54.19258289937885,76,29.52261306532663,156,0.36363636363636365,12,All three metrics
153,Ethan Hampton,Southern Miss,Sun Belt,2024,41.41839580907495,Limited production,Qualified - older season,29.577464788732392,41.58450704225352,45.774647887323944,55.28169014084507,34.38028169014085,49.5774647887324,0.8414570696119916,39.776570780892435,151,58.643216080402006,73,0.19047619047619047,94,All three metrics
154,Deshawn Purdie,Liberty,Conference USA,2025,41.22482337409666,Limited production,Provisional,6.338028169014084,68.27464788732395,12.359154929577464,80.28169014084507,31.11267605633803,39.52816901408451,0.5567764362830022,53.70366936336371,78,35.402010050251256,138,,,DSI + DEI
155,Dexter Williams II,Tulsa,American Athletic,2025,40.927502422685556,Limited production,Qualified,16.285211267605632,39.26056338028169,58.943661971830984,75.35211267605634,25.475352112676056,65.50704225352112,0.7071067811865476,54.20763466505298,75,69.04522613065328,50,0.35294117647058826,17,All three metrics
156,Mason McKenzie,Boston College,ACC,2025,40.78091355711674,Limited production,Provisional,18.30985915492958,3.3802816901408446,75.14084507042253,92.95774647887323,12.338028169014086,82.26760563380282,0.38987177379235854,51.08552693796086,90,,,,,DSI only
157,Mikey Keene,Arizona State,Big 12,2024,40.349734125596164,Limited production,Qualified - older season,79.57746478873239,46.12676056338029,5.492957746478874,34.859154929577464,66.19718309859155,17.23943661971831,0.85,32.352091654404035,184,46.381909547738694,109,0.05,162,All three metrics
158,John White,Southern Miss,Sun Belt,2024,40.250881513064726,Limited production,Provisional,6.866197183098592,65.5281690140845,12.183098591549296,0.7042253521126761,30.330985915492956,7.591549295774647,0.29931588664820313,49.16450157644352,104,,,,,DSI only
159,KJ Cooper,South Florida,American Athletic,2025,40.210554720082094,Limited production,Qualified,49.29577464788733,14.929577464788732,53.73239436619718,39.436619718309856,35.54929577464789,48.01408450704225,0.9879271228182775,35.88720041389194,169,60.326633165829136,69,0.45454545454545453,3,All three metrics
160,Jaron-Keawe Sagapolutele,California,ACC,2025,40.07654029150966,Limited production,Qualified,64.7887323943662,34.612676056338024,13.521126760563378,46.12676056338028,52.71830985915493,26.563380281690137,1.0,28.691717468993062,200,44.54773869346734,116,0.045454545454545456,163,All three metrics
161,Maealiuaki Smith,Ole Miss,SEC,2024,40.06094176841759,Limited production,Provisional,21.30281690140845,25.422535211267604,16.373239436619716,75.35211267605634,22.950704225352112,39.96478873239437,0.46556417387939114,46.32383403421112,123,8.5678391959799,195,,,DSI + DEI
162,DJ Lagway,Baylor,Big 12,2025,39.8988993749227,Limited production,Qualified,43.13380281690141,26.056338028169012,42.112676056338024,51.76056338028169,36.30281690140845,45.97183098591549,1.0,35.248896363254154,172,24.42211055276382,164,0.125,134,All three metrics
163,Carter Jones,Nevada,Mountain West,2025,39.624946851233894,Limited production,Qualified,49.20774647887324,5.070422535211268,31.33802816901408,74.29577464788733,31.552816901408452,48.52112676056338,0.8286535263104036,27.83983280023365,204,32.311557788944725,148,0.06666666666666667,156,All three metrics
164,Davis Warren,Stanford,ACC,2024,39.50173251299909,Limited production,Qualified - older season,50.70422535211269,3.5563380281690136,9.859154929577464,91.19718309859155,31.845070422535215,42.3943661971831,0.7344839458195574,25.84772215497791,208,85.67839195979899,15,,,DSI + DEI
165,Blaine Hipa,Duke,ACC,2025,39.45990070343948,Limited production,Provisional,33.362676056338024,18.06338028169014,49.57746478873239,16.901408450704224,27.24295774647887,36.50704225352112,0.5440588203494178,39.56303726932805,153,32.98994974874372,147,0.13333333333333333,129,All three metrics
166,Jaden Rashada,Mississippi State,SEC,2025,39.45633238183951,Limited production,Provisional,12.147887323943662,45.42253521126761,20.774647887323944,25.352112676056336,25.45774647887324,22.605633802816904,0.40987803063838396,45.58355775763633,129,,,,,DSI only
167,Luke Kromenhoek,South Florida,American Athletic,2024,39.393620993095595,Limited production,Provisional,15.845070422535212,31.725352112676052,68.94366197183099,0.0,22.197183098591548,41.36619718309859,0.49270680937044087,46.137942998864766,126,65.22613065326634,59,0.13333333333333333,131,All three metrics
168,Kadin Semonza,Tulane,American Athletic,2024,39.32087395098216,Limited production,Qualified - older season,62.676056338028175,33.41549295774649,22.6056338028169,25.0,50.9718309859155,23.56338028169014,0.85,32.178232079041415,185,64.42211055276381,61,0.1,146,All three metrics
169,Khalil Wilkins,Marshall,Sun Belt,2025,38.887928202922964,Limited production,Provisional,0.9683098591549297,17.852112676056333,85.07042253521126,100.0,7.721830985915491,91.04225352112675,0.3794733192202055,51.931947568117415,86,44.949748743718594,114,0.16666666666666666,109,All three metrics
170,AJ Bianco,Nevada,Mountain West,2025,38.67283715124879,Limited production,Provisional,39.612676056338024,0.0,28.309859154929573,14.084507042253522,23.767605633802813,22.619718309859152,0.4242640687119285,34.946072701726635,177,,,,,DSI only
171,Ethan Crawford,Arkansas State,Sun Belt,2024,38.517561377780524,Limited production,Qualified - older season,0.528169014084507,60.845070422535215,69.71830985915493,0.35211267605633806,24.65492957746479,41.97183098591549,0.5888972745734182,57.677514552418955,55,19.195979899497488,177,0.13157894736842105,132,All three metrics
172,Whitt Newbauer,Oklahoma,SEC,2024,38.25255191404284,Limited production,Qualified - older season,24.559859154929576,74.19014084507043,30.352112676056343,10.211267605633804,44.41197183098592,22.295774647887328,0.7212489168102785,50.57379998437429,95,36.708542713567844,133,0.07142857142857142,155,All three metrics
173,Sam Huard,USC,Big Ten,2023,38.23597495555796,Limited production,Qualified - older season,17.95774647887324,61.05633802816901,2.323943661971831,67.95774647887323,35.19718309859155,28.577464788732396,0.667757440991862,50.730995769174925,93,23.76884422110553,166,,,DSI + DEI
174,Carter Smith,Wisconsin,Big Ten,2025,38.114581404250366,Limited production,Provisional,24.295774647887324,0.0,69.7887323943662,0.7042253521126761,14.577464788732394,42.15492957746479,0.4289522117905443,41.63241107986051,142,21.005025125628137,171,0.26666666666666666,47,All three metrics
175,Ryan Browne,Purdue,Big Ten,2025,37.81357766913872,Limited production,Qualified,29.753521126760564,24.859154929577464,44.366197183098585,83.45070422535211,27.79577464788732,60.0,1.0,47.82121084717258,114,47.38693467336683,106,0.3055555555555556,29,All three metrics
176,Jacurri Brown,Rice,American Athletic,2024,37.64198399564473,Limited production,Provisional,3.873239436619718,18.34507042253521,98.30985915492958,35.2112676056338,9.661971830985914,73.07042253521126,0.4367379076746144,55.90610670605591,64,36.05527638190954,136,0.4,6,All three metrics
177,Ryder Burton,UAB,American Athletic,2025,37.600555300832376,Limited production,Provisional,43.13380281690141,38.87323943661972,27.32394366197183,5.985915492957746,41.429577464788736,18.788732394366196,0.6260990336999411,32.75773012175171,182,57.1105527638191,80,0.06666666666666667,157,All three metrics
178,Mabrey Mettauer,SMU,ACC,2025,37.425149019946524,Limited production,Provisional,28.257042253521124,0.0,67.95774647887323,4.929577464788732,16.954225352112672,42.74647887323943,0.4939635614091388,38.59013745477482,163,5.226130653266332,198,0.26666666666666666,48,All three metrics
179,Hunter Najm,Bowling Green,Mid-American,2025,37.39944241028188,Limited production,Provisional,2.8169014084507045,55.14084507042253,33.098591549295776,21.12676056338028,23.746478873239436,28.309859154929576,0.5138093031466052,49.97369927153327,98,44.597989949748744,115,0.375,9,All three metrics
180,Kirk Francis,Texas Tech,Big 12,2025,37.374292909314235,Limited production,Provisional,29.401408450704224,3.6267605633802815,14.71830985915493,100.0,19.091549295774644,48.83098591549296,0.5686240703077327,35.048605628310625,175,30.35175879396985,154,,,DSI + DEI
181,Luke Weaver,San José State,Mountain West,2025,37.27129339172798,Limited production,Qualified,33.80281690140845,10.140845070422536,43.028169014084504,41.19718309859155,24.338028169014084,42.29577464788732,0.648074069840786,35.3790634368582,171,75.50251256281406,35,0.3076923076923077,28,All three metrics
182,Tristan Ti'a,Auburn,SEC,2025,36.88417918334529,Limited production,Provisional,74.91197183098592,30.457746478873236,7.816901408450703,0.7042253521126761,57.13028169014085,4.971830985915492,0.4604345773288535,36.24373057578362,168,30.427135678391963,153,,,DSI + DEI
183,Mason Drube,Wyoming,Mountain West,2025,36.72759731167176,Limited production,Provisional,14.084507042253522,1.232394366197183,50.70422535211267,19.014084507042252,8.943661971830986,38.028169014084504,0.38987177379235854,40.38208380618715,147,3.793969849246231,199,,,DSI + DEI
184,MJ Morris,Texas,SEC,2025,36.44457262163349,Limited production,Provisional,17.693661971830984,1.5492957746478873,36.76056338028169,97.88732394366197,11.235915492957744,61.21126760563381,0.4864839839775475,40.33648705108463,148,8.819095477386934,194,,,DSI + DEI
185,AJ Swann,Mississippi State,SEC,2025,36.36626886453123,Limited production,Qualified,23.327464788732392,41.8661971830986,14.788732394366196,82.74647887323944,30.742957746478872,41.971830985915496,0.8981462390204986,40.640832848146815,144,34.572864321608044,141,0.125,133,All three metrics
186,Drake Lindsey,Minnesota,Big Ten,2025,36.33826273836692,Limited production,Qualified,61.79577464788733,24.8943661971831,3.8028169014084505,55.98591549295775,47.03521126760563,24.676056338028175,1.0,21.64168593651461,214,46.05527638190954,111,0.0,166,All three metrics
187,Tucker Kilcrease,Troy,Sun Belt,2025,35.9438985920045,Limited production,Qualified,29.225352112676056,44.8943661971831,56.760563380281695,1.056338028169014,35.49295774647888,34.47887323943662,0.9423375191511797,39.32020779877276,156,51.65829145728643,93,0.1111111111111111,140,All three metrics
188,Enzo Arjona,Boston College,ACC,2024,35.8918386628272,Limited production,Provisional,28.87323943661972,0.4225352112676057,19.29577464788732,32.3943661971831,17.492957746478876,24.535211267605632,0.47070868556535755,31.72513355966651,189,7.663316582914573,197,0.0,169,All three metrics
189,Grant Wilson,Indiana,Big Ten,2024,35.8803759051938,Limited production,Provisional,13.028169014084506,24.084507042253524,49.08450704225352,1.4084507042253522,17.450704225352112,30.014084507042252,0.49853786215291607,,,,,,,PBP coverage/sample gap
190,Alex Orji,UNLV,Mountain West,2024,35.77045907173042,Limited production,Provisional,6.514084507042253,0.0,88.59154929577466,34.859154929577464,3.9084507042253516,67.09859154929578,0.37631104156003714,45.494867812309415,130,55.97989949748744,83,0.21428571428571427,79,All three metrics
191,Alessio Milivojevic,Michigan State,Big Ten,2025,35.52830890487027,Limited production,Qualified,66.4612676056338,43.69718309859155,11.514084507042254,17.253521126760564,57.3556338028169,13.809859154929578,0.8246211251235321,34.72197381706959,178,19.849246231155774,173,0.09090909090909091,148,All three metrics
192,Grant Jordan,Oklahoma State,Big 12,2025,35.17747863701917,Limited production,Qualified,32.21830985915493,5.880281690140846,59.57746478873239,10.211267605633804,21.683098591549296,39.83098591549295,0.6633249580710799,33.280153298298956,181,21.331658291457288,169,0.3333333333333333,23,All three metrics
193,Tommy Ulatowski,App State,Sun Belt,2024,34.989116676953614,Limited production,Qualified - older season,3.169014084507042,83.38028169014085,34.08450704225352,2.464788732394366,35.25352112676057,21.43661971830986,0.7111610225539642,57.925102490460255,52,15.92964824120603,187,0.04,165,All three metrics
194,Max Brown,West Virginia,Big 12,2024,34.73715500048016,Limited production,Provisional,1.056338028169014,35.63380281690141,50.91549295774648,7.042253521126761,14.887323943661972,33.36619718309859,0.5184303231872148,49.634908223107594,101,21.909547738693465,168,0.18181818181818182,101,All three metrics
195,Aidan Warner,Florida,SEC,2024,34.46612564435965,Limited production,Provisional,0.7042253521126761,10.56338028169014,10.915492957746478,35.2112676056338,4.647887323943662,20.633802816901408,0.37374233548439934,36.96890818510774,166,29.246231155778897,157,,,DSI + DEI
196,Landon Graves,UL Monroe,Sun Belt,2025,34.25836427526824,Limited production,Provisional,2.4647887323943665,3.1338028169014076,69.7887323943662,100.0,2.732394366197183,81.87323943661971,0.4,46.650536052133695,121,96.93467336683416,2,,,DSI + DEI
197,Jackson Brousseau,California,ACC,2025,34.16433905267509,Limited production,Qualified,65.3169014084507,23.028169014084508,21.69014084507042,11.619718309859154,48.401408450704224,17.661971830985912,0.8966604708583958,22.111305278233647,213,13.693467336683419,189,0.13636363636363635,127,All three metrics
198,Brayden Fowler-Nicolosi,Michigan,Big Ten,2025,34.15810354481153,Limited production,Provisional,16.19718309859155,17.78169014084507,16.97183098591549,56.690140845070424,16.83098591549296,32.859154929577464,0.565685424949238,44.20662969672546,134,46.381909547738694,108,0.2727272727272727,44,All three metrics
199,Davin Wydner,Louisville,ACC,2025,33.93745295443372,Limited production,Qualified,16.02112676056338,30.246478873239436,75.56338028169014,52.46478873239436,21.711267605633804,66.32394366197184,1.0,54.6292831616565,71,72.8391959798995,46,0.3448275862068966,18,All three metrics
200,Dylan Raiola,Oregon,Big Ten,2025,33.84108356386818,Limited production,Qualified,85.47535211267606,56.30281690140845,10.56338028169014,10.211267605633804,73.80633802816902,10.422535211267606,0.993310961716756,31.432268092853366,191,63.04020100502512,63,0.08,154,All three metrics
201,Matt Zollers,Missouri,SEC,2025,33.37450117104955,Limited production,Provisional,16.37323943661972,10.492957746478874,12.394366197183098,86.61971830985915,14.021126760563382,42.08450704225352,0.5887840577551898,32.533399737995666,183,17.63819095477387,184,,,DSI + DEI
202,Skyler Locklear,Missouri State,Conference USA,2025,32.71768934586741,Limited production,Qualified,9.507042253521126,35.28169014084507,85.49295774647887,25.704225352112676,19.816901408450704,61.57746478873239,0.9186947262284682,,,,,,,PBP coverage/sample gap
203,Ayden Pereira,Georgia State,Sun Belt,2025,32.27008331364593,Limited production,Qualified,16.549295774647888,23.06338028169014,85.91549295774648,47.53521126760563,19.154929577464788,70.56338028169014,1.0,51.07483708219466,91,48.21608040201005,102,0.2987012987012987,34,All three metrics
204,Brady Jones,Oregon State,Pac-12,2025,31.694394314003215,Limited production,Provisional,1.584507042253521,0.4225352112676057,35.98591549295775,23.943661971830984,1.1197183098591548,31.169014084507047,0.4,38.60845070422535,162,37.96482412060301,125,0.2,85,All three metrics
205,Ari Patu,Duke,ACC,2025,31.27208903345484,Limited production,Provisional,5.633802816901408,11.161971830985916,70.63380281690141,88.02816901408451,7.845070422535212,77.59154929577466,0.6164414002968976,47.16471944128737,117,47.562814070351756,105,0.23529411764705882,64,All three metrics
206,Walker Howard,Ole Miss,SEC,2025,30.94049690333018,Limited production,Provisional,0.528169014084507,0.0,75.07042253521126,94.36619718309859,0.3169014084507042,82.7887323943662,0.4049691346263318,,,,,,,PBP coverage/sample gap
207,Brock Glenn,Western Kentucky,Conference USA,2024,30.891684011732256,Limited production,Qualified - older season,2.992957746478873,23.028169014084504,46.690140845070424,8.098591549295776,11.007042253521126,31.253521126760564,0.5739860625485604,39.34466728715101,154,19.34673366834171,176,0.22727272727272727,72,All three metrics
208,Jadyn Glasser,Central Michigan,Mid-American,2024,30.876199432056982,Limited production,Provisional,5.985915492957746,15.528169014084508,10.633802816901406,4.929577464788732,9.802816901408452,8.352112676056336,0.46865765757106753,33.959829610161734,180,36.15577889447236,134,0.0,171,All three metrics
209,Carson Conklin,Sacramento State,Mid-American,2025,30.65623454498235,Limited production,Provisional,16.37323943661972,0.0,13.098591549295774,95.07042253521126,9.823943661971832,45.88732394366197,0.6082762530298219,29.52422190505247,196,18.492462311557787,180,,,DSI + DEI
210,Isaac Wilson,Colorado,Big 12,2024,29.747410405445113,Limited production,Qualified - older season,11.443661971830986,34.33098591549295,40.28169014084507,22.183098591549296,20.598591549295772,33.04225352112676,0.8063808033429367,45.7751036468115,128,18.31658291457286,181,0.08333333333333333,152,All three metrics
211,Maalik Murphy,Oregon State,Pac-12,2025,29.642950124576693,Limited production,Qualified,23.151408450704224,29.295774647887328,6.654929577464788,82.04225352112677,25.609154929577464,36.80985915492958,0.9983319421247958,39.05717382252026,159,24.321608040201003,165,0.18181818181818182,100,All three metrics
212,Zane Flores,Iowa State,Big 12,2025,29.47818343162358,Limited production,Qualified,34.154929577464785,5.704225352112675,38.309859154929576,51.056338028169016,22.774647887323937,43.40845070422535,1.0,24.148307756989702,209,29.195979899497488,159,0.23076923076923078,68,All three metrics
213,Julian Lewis,Colorado,Big 12,2025,29.12085093810588,Limited production,Provisional,32.74647887323944,22.85211267605634,10.492957746478874,0.7042253521126761,28.7887323943662,6.577464788732394,0.6131883886702356,29.45097044900989,197,10.502512562814069,192,0.2,88,All three metrics
214,Raymond Moore III,UTEP,Mountain West,2025,28.50488948829112,Limited production,Qualified,6.514084507042253,21.725352112676056,75.70422535211267,4.577464788732395,12.598591549295774,47.25352112676056,0.7509993342207435,46.85289127012331,120,41.75879396984925,120,0.25,60,All three metrics
215,Nick Evers,Missouri,SEC,2024,28.460009266496318,Limited production,Qualified - older season,13.468309859154928,3.591549295774648,67.11267605633805,54.22535211267606,9.517605633802816,61.95774647887325,0.7212489168102785,39.895843953317105,150,37.437185929648244,128,0.2647058823529412,49,All three metrics
216,Goose Crowder,Troy,Sun Belt,2025,28.244114853524664,Limited production,Qualified,31.338028169014088,31.725352112676052,26.76056338028169,5.985915492957746,31.492957746478872,18.450704225352112,0.8854377448471462,26.81733383138642,206,49.597989949748744,99,0.18181818181818182,99,All three metrics
217,Joseph Filardi,Syracuse,ACC,2025,27.93840961635234,Limited production,Provisional,3.345070422535211,0.0,64.50704225352113,6.690140845070422,2.0070422535211265,41.38028169014085,0.5099019513592785,37.53971992100918,164,7.839195979899497,196,0.08333333333333333,153,All three metrics
218,Aidan Armenta,UL Monroe,Sun Belt,2025,27.9114444944387,Limited production,Qualified,23.239436619718308,31.126760563380284,34.85915492957747,23.591549295774648,26.394366197183096,30.352112676056343,1.0,26.696815219676267,207,10.201005025125628,193,0.1,144,All three metrics
219,Landyn Locke,Sam Houston,Conference USA,2025,27.582949638672925,Limited production,Qualified,10.73943661971831,12.605633802816902,12.253521126760564,84.15492957746478,11.485915492957748,41.01408450704225,0.725718035235908,30.34222523201486,193,21.130653266331656,170,,,DSI + DEI
220,Max Cutforth,Boise State,Pac-12,2025,27.12895133327769,Limited production,Qualified,19.366197183098592,21.514084507042252,2.5704225352112675,50.352112676056336,20.225352112676056,21.683098591549296,0.7831560082980487,28.655500336800955,201,58.99497487437186,72,,,DSI + DEI
221,Jack Capaldi,Maryland,Big Ten,2024,27.04506501853772,Limited production,Qualified - older season,5.369718309859155,36.79577464788733,53.02816901408451,3.873239436619718,17.940140845070424,33.36619718309859,0.85,,,,,,,PBP coverage/sample gap
222,Elijah Brown,Washington,Big Ten,2025,26.65804579421882,Limited production,Qualified,36.79577464788733,22.640845070422532,1.6197183098591548,13.028169014084506,31.133802816901408,6.183098591549296,0.6928203230275509,23.819707963711377,210,38.718592964824126,123,0.0,168,All three metrics
223,Brady Davidson,Northern Illinois,Mountain West,2025,26.468303015154117,Limited production,Provisional,5.369718309859155,1.9718309859154928,9.154929577464788,62.676056338028175,4.01056338028169,30.563380281690144,0.5744562646538028,31.53745627961713,190,19.673366834170857,174,,,DSI + DEI
224,Malachi Nelson,Syracuse,ACC,2025,26.355274822497982,Limited production,Qualified,8.098591549295774,31.79577464788732,10.845070422535212,60.2112676056338,17.577464788732392,30.591549295774648,0.8426149773176358,29.1496633182602,199,27.08542713567839,161,,,DSI + DEI
225,Daniel Beale,Louisiana,Sun Belt,2025,26.338682473457567,Limited production,Provisional,4.049295774647888,2.253521126760563,21.12676056338028,36.61971830985916,3.330985915492958,27.323943661971832,0.5597618541248889,28.28937113923117,202,45.95477386934673,112,0.1111111111111111,138,All three metrics
226,Rickie Collins,Kennesaw State,Conference USA,2025,20.38175475579758,Limited production,Qualified,4.577464788732395,14.788732394366196,48.23943661971831,15.845070422535212,8.661971830985916,35.28169014084507,0.8508818954473059,30.736566917985005,192,25.276381909547734,163,0.18181818181818182,102,All three metrics
227,Tad Hudson,NC State,ACC,2025,16.87717302796436,Limited production,Qualified,14.964788732394368,2.323943661971831,21.408450704225352,60.91549295774647,9.908450704225352,37.2112676056338,0.9983319421247958,22.260873740526392,212,39.79899497487437,121,0.2857142857142857,40,All three metrics
228,Grayson Loftis,Charlotte,American Athletic,2025,15.838552257193577,Limited production,Qualified,11.443661971830986,26.12676056338028,10.422535211267606,12.323943661971832,17.316901408450704,11.183098591549296,0.9633275663033837,23.281481163187095,211,19.42211055276382,175,0.0,170,All three metrics
